{"stats":{"minecraft:dropped":{"ad_astra:tier_3_rocket":1},"minecraft:killed":{"cnb:little_grebe":1,"born_in_chaos_v1:senor_pumpkin":2,"iceandfire:siren":1},"minecraft:custom":{"minecraft:time_since_rest":985,"minecraft:open_chest":1,"enigmaticlegacy:play_time_with_seven_curses":0,"minecraft:deaths":1,"minecraft:damage_absorbed":53,"minecraft:crouch_one_cm":284,"minecraft:sprint_one_cm":17945,"minecraft:play_time":75666,"minecraft:walk_one_cm":18222,"minecraft:damage_taken":519,"minecraft:damage_blocked_by_shield":945,"minecraft:sneak_time":191,"minecraft:walk_under_water_one_cm":13435,"minecraft:mob_kills":4,"minecraft:drop":1,"minecraft:damage_dealt_resisted":262,"minecraft:jump":269,"minecraft:damage_dealt":514,"minecraft:leave_game":1,"minecraft:time_since_death":512,"minecraft:walk_on_water_one_cm":4218,"enigmaticlegacy:play_time_without_seven_curses":75193,"minecraft:total_world_time":75666,"minecraft:swim_one_cm":5496,"minecraft:fall_one_cm":9312,"minecraft:fly_one_cm":149393},"minecraft:killed_by":{"born_in_chaos_v1:senor_pumpkin":1},"minecraft:picked_up":{"iceandfire:shiny_scales":4,"minecraft:prismarine_crystals":1},"minecraft:used":{"minecraft:golden_apple":2,"minecraft:netherite_sword":10,"iceandfire:spawn_egg_pixie":1,"born_in_chaos_v1:lord_pumpkinhead_spawn_egg":1,"iceandfire:spawn_egg_siren":2,"alexscaves:resistor_shield":25}},"DataVersion":3120}