{"stats":{"minecraft:custom":{"minecraft:jump":117,"minecraft:open_chest":1,"minecraft:time_since_rest":61395,"enigmaticlegacy:play_time_with_seven_curses":0,"minecraft:damage_dealt":76,"minecraft:crouch_one_cm":16,"minecraft:play_time":61395,"minecraft:sprint_one_cm":7232,"minecraft:damage_taken":216,"minecraft:time_since_death":61395,"minecraft:walk_one_cm":6538,"minecraft:sneak_time":8,"enigmaticlegacy:play_time_without_seven_curses":61395,"minecraft:total_world_time":61395,"minecraft:fall_one_cm":2296,"minecraft:fly_one_cm":61518,"minecraft:damage_dealt_resisted":195},"minecraft:used":{"minecraft:netherite_sword":5,"iceandfire:spawn_egg_pixie":1}},"DataVersion":3120}